normal_x,normal_y,cl_beta0,loss,direction,motion:name,id,,,,,,,,,,,,
,,,,,,,,,,,,,,,,,,
,,,,,,,,,,,,,,,,,,
,,,,,,,,,,,,,,,,,,
,,,,,,,,,,,,,,,,,,
,,,,,,,,,,,,,,,,,,
,,,,,,,,,,,,,,,,,,
,,,,,,,,,,,,,,,,,,
,,,,,,,,,,,,,,,,,,
,,,,,,,,,,,,,,,,,,
,,,,,,,,,,,,,,,,,,
,,,,,,,,,,,,,,,,,,
,,,,,,,,,,,,,,,,,,
,,,,,,,,,,,,,,,,,,
,,,,,,,,,,,,,,,,,,
,,,,,,,,,,,,,,,,,,
,,,,,,,,,,,,,,,,,,
,,,,,,,,,,,,,,,,,,
,,,,,,,,,,,,,,,,,,
,,,,,,,,,,,,,,,,,,
,,,,,,,,,,,,,,,,,,
,,,,,,,,,,,,,,,,,,
,,,,,,,,,,,,,,,,,,
,,,,,,,,,,,,,,,,,,
,,,,,,,,,,,,,,,,,,
,,,,,,,,,,,,,,,,,,
,,,,,,,,,,,,,,,,,,
,,,,,,,,,,,,,,,,,,
,,,,,,,,,,,,,,,,,,
,,,,,,,,,,,,,,,,,,
,,,,,,,,,,,,,,,,,,
,,,,,,,,,,,,,,,,,,
,,,,,,,,,,,,,,,,,,
,,,,,,,,,,,,,,,,,,
,,,,,,,,,,,,,,,,,,
,,,,,,,,,,,,,,,,,,
,,,,,,,,,,,,,,,,,,
,,,,,,,,,,,,,,,,,,
,,,,,,,,,,,,,,,,,,
,,,,,,,,,,,,,,,,,,
,,,,,,,,,,,,,,,,,,
,,,,,,,,,,,,,,,,,,
,,,,,,,,,,,,,,,,,,
,,,,,,,,,,,,,,,,,,
,,,,,,,,,,,,,,,,,,
,,,,,,,,,,,,,,,,,,
,,,,,,,,,,,,,,,,,,
,,,,,,,,,,,,,,,,,,
,,,,,,,,,,,,,,,,,,
,,,,,,,,,,,,,,,,,,
,,,,,,,,,,,,,,,,,,
,,,,,,,,,,,,,,,,,,
,,,,,,,,,,,,,,,,,,
,,,,,,,,,,,,,,,,,,
,,,,,,,,,,,,,,,,,,
,,,,,,,,,,,,,,,,,,
,,,,,,,,,,,,,,,,,,
,,,,,,,,,,,,,,,,,,
,,,,,,,,,,,,,,,,,,
,,,,,,,,,,,,,,,,,,
,,,,,,,,,,,,,,,,,,
,,,,,,,,,,,,,,,,,,
,,,,,,,,,,,,,,,,,,
,,,,,,,,,,,,,,,,,,
,,,,,,,,,,,,,,,,,,
,,,,,,,,,,,,,,,,,,
,,,,,,,,,,,,,,,,,,
,,,,,,,,,,,,,,,,,,
,,,,,,,,,,,,,,,,,,
,,,,,,,,,,,,,,,,,,
,,,,,,,,,,,,,,,,,,
,,,,,,,,,,,,,,,,,,
,,,,,,,,,,,,,,,,,,
,,,,,,, UZAVØENÍ „SMLOUVY O SMLOUVÌ BUDOUCÍ O ZØÍZENÍ VÌCNÉHO BØEMENE“ MEZI MÌSTEM VSETÍN, IÈ: 003 04 450, ZLÍNSKİM KRAJEM, IÈ: 708 91 320 A ØEDITELSTVÍM SILNIC ZLÍNSKÉHO KRAJE, PØÍSPÌVKOVÁ ORGANIZACE, IÈ: 709 34 860, NA POZEMCÍCH P.È. 3180/1 A 3210/2 (OBA V K.Ú. VSETÍN)," U PROJEKTU: ""STAVEBNÍ ÚPRAVY CHODNÍKÙ SOUVISEJÍCÍ S PØECHODY PRO CHODCE SILNIC I. A III. TØÍDY"" - SO 01 PØECHOD PRO CHODCE ULICE NÁDRANÍ U È.P. 841"," DLE DÙVODOVÉ ZPRÁVY.""",201501-29,,
,,,,,,,,,,,,,,,,,,
,,,,,,,,,,,,,,,,,,
,,,,,,," VSETÍN"" - ZMÌNA STAVBY PØED DOKONÈENÍM""",201501-31,,,,,,,,,,
,,,,,,,,,,,,,,,,,,
,,,,,,,,,,,,,,,,,,
,,,,,,,,,,,,,,,,,,
,,,,,,,,,,,,,,,,,,
,,,,,,,,,,,,,,,,,,
,,,,,,,,,,,,,,,,,,
,,,,,,,,,,,,,,,,,,
,,,,,,,,,,,,,,,,,,
,,,,,,,,,,,,,,,,,,
,,,,,,,,,,,,,,,,,,
,,,,,,,,,,,,,,,,,,
,,,,,,,,,,,,,,,,,,
,,,,,,,,,,,,,,,,,,
,,,,,,,,,,,,,,,,,,
,,,,,,,,,,,,,,,,,,
,,,,,,,,,,,,,,,,,,
,,,,,,,,,,,,,,,,,,
,,,,,,,,,,,,,,,,,,
,,,,,,,,,,,,,,,,,,
,,,,,,,,,,,,,,,,,,
,,,,,,,,,,,,,,,,,,
,,,,,,,,,,,,,,,,,,
,,,,,,,,,,,,,,,,,,
,,,,,,,,,,,,,,,,,,
,,,,,,,,,,,,,,,,,,
,,,,,,,,,,,,,,,,,,
,,,,,,, v platném znìní, uzavøení smlouvy o poskytnutí zápùjèky v maximální vıši 2.297.000 Kè se Sdruením Valašsko­Horní Vsacko, se sídlem Karolinka, Radnièní námìstí 42," IÈ 67728189 za podmínek uvedenıch v dùvodové zprávì.""",201502-12,,,,,,
,,,,,,,,,,,,,,,,,,
,,,,,,,,,,,,,,,,,,
,,,,,,,,,,,,,,,,,,
,,,,,,,,,,,,,,,,,,
,,,,,,,,,,,,,,,,,,
,,,,,,,,,,,,,,,,,,
,,,,,,,,,,,,,,,,,,
,,,,,,,,,,,,,,,,,,
,,,,,,,,,,,,,,,,,,
,,,,,,,,,,,,,,,,,,
,,,,,,,,,,,,,,,,,,
,,,,,,,,,,,,,,,,,,
,,,,,,,,,,,,,,,,,,
,,,,,,, jeho pøedmìtem bude zmìna termínù dokonèení bytovıch domù A1 a B3, realizovanıch adatelem v rámci investièního zámìru „Obytnı soubor Rokytnice“ a podmínek, souvisejících s uzavøením budoucích kupních smluv," dle dùvodové zprávy.""",201502-25,,,,,,,
,,,,,,,,,,,,,,,,,,
,,,,,,,,,,,,,,,,,,
,,,,,,,,,,,,,,,,,,
,,,,,,,,,,,,,,,,,,
,,,,,,,,,,,,,,,,,,
,,,,,,,,,,,,,,,,,,
,,,,,,,,,,,,,,,,,,
,,,,,,,,,,,,,,,,,,
,,,,,,,,,,,,,,,,,,
,,,,,,,,,,,,,,,,,,
,,,,,,,,,,,,,,,,,,
,,,,,,,,,,,,,,,,,,
,,,,,,,,,,,,,,,,,,
,,,,,,,,,,,,,,,,,,
,,,,,,,,,,,,,,,,,,
,,,,,,,,,,,,,,,,,,
,,,,,,,,,,,,,,,,,,
,,,,,,,,,,,,,,,,,,
,,,,,,,,,,,,,,,,,,
,,,,,,,,,,,,,,,,,,
,,,,,,,,,,,,,,,,,,
,,,,,,,,,,,,,,,,,,
,,,,,,,,,,,,,,,,,,
,,,,,,,,,,,,,,,,,,
,,,,,,,,,,,,,,,,,,
,,,,,,,,,,,,,,,,,,
,,,,,,,,,,,,,,,,,,
,,,,,,,,,,,,,,,,,,
,,,,,,,,,,,,,,,,,,
,,,,,,,,,,,,,,,,,,
,,,,,,,,,,,,,,,,,,
,,,,,,,,,,,,,,,,,,
,,,,,,,,,,,,,,,,,,
,,,,,,," Vsetín"" - zmìna stavby pøed dokonèením I. Zastupitelstvo mìsta Vsetín schvaluje uzavøení ""Smlouvy o smlouvì budoucí o zøízení sluebnosti inenırské sítì"" mezi Mìstem Vsetín a paní Zdeòkou Holèákovou na pozemcích p.è. 1682 a p.è. 1678 v k.ú. Vsetín"," na investièní akci ""Odvedení dešovıch vod Hrbová a jeho prodlouení"," Vsetín"" z dùvodu zmìny èásti trasy kanalizace"," dle dùvodové zprávy.""",201502-56,,,,,,,
,,,,,,," Vsetín"" - podstatné náleitosti smlouvy-Mindlovi I. Zastupitelstvo mìsta Vsetín schvaluje v rámci akce: „Odvedení dešovıch vod Hrbová", Vsetín“ podstatné náleitosti smlouvy o smlouvì budoucí zøízení sluebnosti inenırské sítì mezi Mìstem Vsetín, jako oprávnìnı z vìcného bøemene a vlastníky dotèeného pozemku p. è. 1693/1 v k. ú. Vsetín, manely Mindlovımi, bytem Mládí 1416, 755 01 Vsetín, jako povinní z vìcného bøemene," ve znìní dùvodové zprávy.""",201502-57,,,
,,,,,,,,,,,,,,,,,,
,,,,,,, jako oprávnìnım ze sluebnostie a panem Jiøím Køenem, jako povinnım ze sluebnosti, na pozemcích p.è. 4568/1 a p.è.4568/3 v k.ú. Vsetín," ve znìní dle pøílohy dùvodové zprávy.""",201502-59,,,,,,,
,,,,,,,,,,,,,,,,,,
,,,,,,,,,,,,,,,,,,
,,,,,,,,,,,,,,,,,,
,,,,,,,,,,,,,,,,,,
,,,,,,,,,,,,,,,,,,
,,,,,,,,,,,,,,,,,,
,,,,,,,,,,,,,,,,,,
,,,,,,,,,,,,,,,,,,
,,,,,,,,,,,,,,,,,,
,,,,,,,,,,,,,,,,,,
,,,,,,,,,,,,,,,,,,
,,,,,,,,,,,,,,,,,,
,,,,,,,,,,,,,,,,,,
,,,,,,,,,,,,,,,,,,
,,,,,,,,,,,,,,,,,,
,,,,,,,,,,,,,,,,,,
,,,,,,,,,,,,,,,,,,
,,,,,,,,,,,,,,,,,,
,,,,,,,,,,,,,,,,,,
,,,,,,,,,,,,,,,,,,
,,,,,,,,,,,,,,,,,,
,,,,,,,,,,,,,,,,,,
,,,,,,,,,,,,,,,,,,
,,,,,,,,,,,,,,,,,,
,,,,,,,,,,,,,,,,,,
,,,,,,,,,,,,,,,,,,
,,,,,,,,,,,,,,,,,,
,,,,,,,,,,,,,,,,,,
,,,,,,,,,,,,,,,,,,
,,,,,,,,,,,,,,,,,,
,,,,,,,,,,,,,,,,,,
,,,,,,,,,,,,,,,,,,
,,,,,,,,,,,,,,,,,,
,,,,,,,,,,,,,,,,,,
,,,,,,,,,,,,,,,,,,
,,,,,,,,,,,,,,,,,,
,,,,,,,,,,,,,,,,,,
,,,,,,,,,,,,,,,,,,
,,,,,,,,,,,,,,,,,,
,,,,,,,,,,,,,,,,,,
,,,,,,,,,,,,,,,,,,
,,,,,,,,,,,,,,,,,,
,,,,,,,,,,,,,,,,,,
,,,,,,,,,,,,,,,,,,
,,,,,,,,,,,,,,,,,,
,,,,,,," Vsetín"" Zastupitelstvo mìsta Vsetín schvaluje v rámci akce: „Pøístupová komunikace pro pìší a cyklisty", prùmyslová zóna Bobrky, Vsetín“ uzavøení smlouvy o zøízenívìcnıch bøemen (sluebností) umístìní dvou kusù sloupù veøejného osvìtlení pøechodù pro chodce, pøípojky NN a èásti dešové kanalizace na pozemcích p.è. 14780/1, 14781/13 a p.è. 14781/7, všechny v k.ú. Vsetín, mezi mìstem Vsetín (IÈ: 003 04 450), jako oprávnìnım z vìcného bøemene a Zlínskım krajem (IÈ: 708 91 320) a majetkovım správcem, Øeditelstvím silnic Zlínského kraje - pøíspìvková organizace (IÈ: 709 34 860), jako povinnım z vìcného bøemene," ve znìní dle pøílohy dùvodové zprávy.""",201503-49
,,,,,,,,,,,,,,,,,,
,,,,,,,,,,,,,,,,,,
,,,,,,,,,,,,,,,,,,
,,,,,,,,,,,,,,,,,,
,,,,,,,201503-54,,,,,,,,,,,
